"time","n.risk","n.event","n.censor","surv","std.err","upper","lower","strata","larvalTreat","adultTreat","sex"
3,426,7,1,0.983568075117371,0.00626234816128489,0.995714758469999,0.971569568654976,"larvalTreat=C, adultTreat=C , sex=F","C","C","F"
5,418,8,1,0.964743805737134,0.00926805789415426,0.982428570665375,0.947377385490538,"larvalTreat=C, adultTreat=C , sex=F","C","C","F"
8,409,9,1,0.943514724437295,0.0118705148190072,0.965723684492404,0.921816508723088,"larvalTreat=C, adultTreat=C , sex=F","C","C","F"
10,399,17,0,0.903314848960017,0.0158885022902817,0.931887458626394,0.875618304333028,"larvalTreat=C, adultTreat=C , sex=F","C","C","F"
12,382,12,1,0.874938466270173,0.0183669856157882,0.907008834058366,0.844002054901642,"larvalTreat=C, adultTreat=C , sex=F","C","C","F"
15,369,9,0,0.853598503678218,0.0201270176160639,0.887944442848734,0.820581075032211,"larvalTreat=C, adultTreat=C , sex=F","C","C","F"
17,360,20,0,0.806176364584983,0.0238431443171366,0.844744519057736,0.769369100542267,"larvalTreat=C, adultTreat=C , sex=F","C","C","F"
19,340,28,0,0.739785369854455,0.0288521622321062,0.78282510223101,0.699111962417873,"larvalTreat=C, adultTreat=C , sex=F","C","C","F"
22,312,49,0,0.623601129076031,0.037810057248844,0.67156935761733,0.579059130340026,"larvalTreat=C, adultTreat=C , sex=F","C","C","F"
24,263,27,1,0.559581241300165,0.043181097669383,0.609002344132094,0.514170706619012,"larvalTreat=C, adultTreat=C , sex=F","C","C","F"
26,235,29,0,0.490526534926953,0.049635239286574,0.540644883975854,0.445054209517295,"larvalTreat=C, adultTreat=C , sex=F","C","C","F"
29,206,28,0,0.423853025325231,0.0568090272323555,0.473773994970028,0.379192165430516,"larvalTreat=C, adultTreat=C , sex=F","C","C","F"
31,178,11,0,0.397659860838841,0.059977595809539,0.447264859751039,0.353556425180345,"larvalTreat=C, adultTreat=C , sex=F","C","C","F"
33,167,7,0,0.38099148343841,0.0621231683592894,0.430323045093475,0.337315214947574,"larvalTreat=C, adultTreat=C , sex=F","C","C","F"
36,160,18,0,0.338129941551589,0.0682022108741599,0.386489283669311,0.295821545912528,"larvalTreat=C, adultTreat=C , sex=F","C","C","F"
38,142,3,1,0.330986351237119,0.069307522328483,0.379144495566149,0.288945154120398,"larvalTreat=C, adultTreat=C , sex=F","C","C","F"
40,138,9,0,0.309400284852089,0.0728635287658722,0.356896474013041,0.268224942628758,"larvalTreat=C, adultTreat=C , sex=F","C","C","F"
43,129,11,0,0.283017314825942,0.0776642267128528,0.329549696368516,0.24305530053263,"larvalTreat=C, adultTreat=C , sex=F","C","C","F"
45,118,10,1,0.259032796620354,0.0825615836753282,0.304530855001609,0.220332319773007,"larvalTreat=C, adultTreat=C , sex=F","C","C","F"
47,107,12,1,0.229982389522744,0.0894255919517928,0.274039889585564,0.19300803094973,"larvalTreat=C, adultTreat=C , sex=F","C","C","F"
50,94,24,1,0.17126348155949,0.10790900291126,0.211600689353351,0.138615711534369,"larvalTreat=C, adultTreat=C , sex=F","C","C","F"
52,69,10,1,0.146442687130579,0.118746586597202,0.184818298249011,0.116035375377878,"larvalTreat=C, adultTreat=C , sex=F","C","C","F"
54,58,6,1,0.131293443634312,0.126846922504692,0.168350858565983,0.102393112147985,"larvalTreat=C, adultTreat=C , sex=F","C","C","F"
57,51,16,1,0.0901033436706062,0.158283692094558,0.122877461452389,0.0660708029337751,"larvalTreat=C, adultTreat=C , sex=F","C","C","F"
59,34,3,2,0.0821530486408468,0.167033011687306,0.113973121193814,0.0592167989284797,"larvalTreat=C, adultTreat=C , sex=F","C","C","F"
61,29,7,0,0.0623230024171941,0.197159361500253,0.0917214095265335,0.04234732817936,"larvalTreat=C, adultTreat=C , sex=F","C","C","F"
64,22,5,4,0.0481586836860137,0.228562459263123,0.0753750001396146,0.0307696027870465,"larvalTreat=C, adultTreat=C , sex=F","C","C","F"
68,13,3,0,0.0370451412969336,0.274440741985095,0.0634359778356801,0.0216335042121458,"larvalTreat=C, adultTreat=C , sex=F","C","C","F"
71,10,3,1,0.0259315989078535,0.343765710504222,0.0508678285583102,0.0132195110539652,"larvalTreat=C, adultTreat=C , sex=F","C","C","F"
73,6,1,0,0.0216096657565446,0.389240538808339,0.0463415117146473,0.0100768757175001,"larvalTreat=C, adultTreat=C , sex=F","C","C","F"
75,5,2,0,0.0129657994539268,0.533705471571296,0.0369054258481268,0.00455520974534373,"larvalTreat=C, adultTreat=C , sex=F","C","C","F"
78,3,1,0,0.00864386630261784,0.671943596629811,0.0322602305885725,0.00231605364544414,"larvalTreat=C, adultTreat=C , sex=F","C","C","F"
82,2,2,0,0,Inf,NA,NA,"larvalTreat=C, adultTreat=C , sex=F","C","C","F"
3,248,6,1,0.975806451612903,0.00999866693327409,0.99511796314545,0.956869704170126,"larvalTreat=C, adultTreat=C , sex=M","C","C","M"
5,241,11,1,0.931267567929327,0.0172748902757174,0.963338443584861,0.900264376297162,"larvalTreat=C, adultTreat=C , sex=M","C","C","M"
8,229,11,0,0.886534191303901,0.022776425757054,0.927006583814462,0.847828792236675,"larvalTreat=C, adultTreat=C , sex=M","C","C","M"
10,218,5,1,0.866200838292343,0.0250288890627413,0.909752439229809,0.824734136347643,"larvalTreat=C, adultTreat=C , sex=M","C","C","M"
12,212,6,0,0.841685720227466,0.0276375304193116,0.888536080343407,0.797305666373196,"larvalTreat=C, adultTreat=C , sex=M","C","C","M"
15,206,5,0,0.821256455173401,0.0297420331139113,0.870553088600475,0.774751332222902,"larvalTreat=C, adultTreat=C , sex=M","C","C","M"
17,201,4,0,0.804913043130149,0.0313943671320069,0.855996322102861,0.75687826018858,"larvalTreat=C, adultTreat=C , sex=M","C","C","M"
19,197,11,0,0.759968660011207,0.035858168409179,0.815301443544923,0.708391195393985,"larvalTreat=C, adultTreat=C , sex=M","C","C","M"
22,186,11,0,0.715024276892264,0.040295779802918,0.773785553822256,0.660725331482146,"larvalTreat=C, adultTreat=C , sex=M","C","C","M"
24,175,3,0,0.702766717859826,0.0415140656165068,0.762338796849941,0.647849829724312,"larvalTreat=C, adultTreat=C , sex=M","C","C","M"
26,172,5,1,0.682337452805761,0.0435601665255695,0.7431520683841,0.626499500316018,"larvalTreat=C, adultTreat=C , sex=M","C","C","M"
29,166,7,1,0.65356418672359,0.0465048373644485,0.715934408490749,0.596627485844867,"larvalTreat=C, adultTreat=C , sex=M","C","C","M"
31,158,5,0,0.632881775751325,0.048677856224997,0.696237252015643,0.575291455489588,"larvalTreat=C, adultTreat=C , sex=M","C","C","M"
33,153,16,0,0.566698060640075,0.0559719219541001,0.632404734677229,0.507818291552057,"larvalTreat=C, adultTreat=C , sex=M","C","C","M"
36,137,15,0,0.504650827723279,0.0634847011942136,0.571517147858362,0.445607728265233,"larvalTreat=C, adultTreat=C , sex=M","C","C","M"
38,122,8,0,0.471558970167654,0.0678639506572126,0.538644103610667,0.412828917749197,"larvalTreat=C, adultTreat=C , sex=M","C","C","M"
40,114,12,0,0.421921183834217,0.0750833373184132,0.488812590454094,0.364183510908942,"larvalTreat=C, adultTreat=C , sex=M","C","C","M"
43,102,7,0,0.392965808473045,0.0797489922426413,0.4594489145027,0.336102930607678,"larvalTreat=C, adultTreat=C , sex=M","C","C","M"
45,95,8,4,0.35987395091742,0.0856027969625198,0.425613744885679,0.304288247513482,"larvalTreat=C, adultTreat=C , sex=M","C","C","M"
47,83,4,0,0.342530627981641,0.0890947468980261,0.407884307277904,0.287648308630709,"larvalTreat=C, adultTreat=C , sex=M","C","C","M"
50,79,7,0,0.312179812844027,0.0957524671515619,0.376625276674296,0.258761802733733,"larvalTreat=C, adultTreat=C , sex=M","C","C","M"
52,72,10,2,0.268821505504579,0.106811414815021,0.331422546647584,0.218044917440668,"larvalTreat=C, adultTreat=C , sex=M","C","C","M"
54,60,4,0,0.250900071804274,0.112245955496235,0.312640125333539,0.201352420660115,"larvalTreat=C, adultTreat=C , sex=M","C","C","M"
57,56,16,2,0.179214337003053,0.1405062691417,0.236032552552444,0.136073512912197,"larvalTreat=C, adultTreat=C , sex=M","C","C","M"
59,38,3,1,0.165065836713338,0.148316050263834,0.220751695821976,0.123427049329883,"larvalTreat=C, adultTreat=C , sex=M","C","C","M"
61,34,5,1,0.140791448961376,0.164525513768143,0.194366157822162,0.101983968416871,"larvalTreat=C, adultTreat=C , sex=M","C","C","M"
64,28,3,2,0.125706650858372,0.177071621007958,0.177861476360183,0.0888453328590842,"larvalTreat=C, adultTreat=C , sex=M","C","C","M"
66,23,2,0,0.114775637740253,0.188401554441221,0.166041790702883,0.0793381410963844,"larvalTreat=C, adultTreat=C , sex=M","C","C","M"
68,21,4,0,0.0929136115040139,0.216100966005674,0.14191386134421,0.060832247963289,"larvalTreat=C, adultTreat=C , sex=M","C","C","M"
73,17,3,0,0.076517091826835,0.243525500770232,0.123324038334801,0.047475459129399,"larvalTreat=C, adultTreat=C , sex=M","C","C","M"
78,14,9,0,0.0273275327952982,0.433446765009062,0.0639073750299201,0.0116855691276393,"larvalTreat=C, adultTreat=C , sex=M","C","C","M"
80,5,1,0,0.0218620262362386,0.487725433104345,0.0568647393056965,0.00840500100747151,"larvalTreat=C, adultTreat=C , sex=M","C","C","M"
82,4,4,0,0,Inf,NA,NA,"larvalTreat=C, adultTreat=C , sex=M","C","C","M"
3,393,5,1,0.987277353689567,0.00572628374623123,0.998420286724513,0.976258782066617,"larvalTreat=C, adultTreat=DR, sex=F","C","DR","F"
5,387,5,0,0.974521832324069,0.00816162021276389,0.99023610439796,0.959056933450888,"larvalTreat=C, adultTreat=DR, sex=F","C","DR","F"
8,382,15,0,0.936255268227574,0.0131759871624085,0.960748455706167,0.912386506663276,"larvalTreat=C, adultTreat=DR, sex=F","C","DR","F"
10,367,5,1,0.923499746862076,0.0145341644618291,0.950185248896025,0.89756369449558,"larvalTreat=C, adultTreat=DR, sex=F","C","DR","F"
12,361,6,0,0.90815072059844,0.0160642535637709,0.93719907073343,0.880002719889645,"larvalTreat=C, adultTreat=DR, sex=F","C","DR","F"
15,355,13,1,0.87489449702723,0.0191085175327014,0.908282369991569,0.842733940696917,"larvalTreat=C, adultTreat=DR, sex=F","C","DR","F"
17,341,11,0,0.846672093897319,0.0215148124080247,0.883138234128174,0.811711696858129,"larvalTreat=C, adultTreat=DR, sex=F","C","DR","F"
19,330,7,1,0.828712382814649,0.0229904187619018,0.866908593699648,0.792199106597243,"larvalTreat=C, adultTreat=DR, sex=F","C","DR","F"
22,322,25,1,0.764371359304195,0.0281064522794886,0.807660161351285,0.723402741503331,"larvalTreat=C, adultTreat=DR, sex=F","C","DR","F"
24,296,21,0,0.71014231016437,0.0323721781430356,0.756659757011869,0.66648463330088,"larvalTreat=C, adultTreat=DR, sex=F","C","DR","F"
26,275,11,1,0.681736617757795,0.0346334097258641,0.729619837543521,0.636995860140817,"larvalTreat=C, adultTreat=DR, sex=F","C","DR","F"
29,263,17,1,0.637669992275352,0.0382391468370411,0.687298191378428,0.591625329659219,"larvalTreat=C, adultTreat=DR, sex=F","C","DR","F"
31,245,17,0,0.59342350301543,0.0420305199830346,0.64437871489243,0.546497650826177,"larvalTreat=C, adultTreat=DR, sex=F","C","DR","F"
33,228,12,0,0.562190687067249,0.0448355810422169,0.613829509180304,0.514896015747441,"larvalTreat=C, adultTreat=DR, sex=F","C","DR","F"
36,216,29,0,0.486711381859146,0.0522321096706927,0.539177244374023,0.439350828884226,"larvalTreat=C, adultTreat=DR, sex=F","C","DR","F"
38,187,11,0,0.458081300573314,0.0553391170835039,0.510560609823211,0.41099621454855,"larvalTreat=C, adultTreat=DR, sex=F","C","DR","F"
40,176,14,0,0.421643015300437,0.0596107306106577,0.473898851665522,0.375149320845208,"larvalTreat=C, adultTreat=DR, sex=F","C","DR","F"
43,162,21,0,0.366985587391121,0.066878982343662,0.418385381290416,0.321900399429399,"larvalTreat=C, adultTreat=DR, sex=F","C","DR","F"
45,141,12,1,0.335752771442941,0.0716417314298007,0.386368007755037,0.291768265666261,"larvalTreat=C, adultTreat=DR, sex=F","C","DR","F"
47,128,19,4,0.285914469431879,0.0805875276259621,0.334836167483734,0.244140543253841,"larvalTreat=C, adultTreat=DR, sex=F","C","DR","F"
50,105,10,3,0.258684519962176,0.0865843858587064,0.306528742507272,0.218308013534731,"larvalTreat=C, adultTreat=DR, sex=F","C","DR","F"
52,92,11,0,0.227754849097133,0.094725760326765,0.274219506938942,0.18916331615609,"larvalTreat=C, adultTreat=DR, sex=F","C","DR","F"
54,81,8,1,0.205260543013466,0.101616537995173,0.250496479969737,0.168193543171836,"larvalTreat=C, adultTreat=DR, sex=F","C","DR","F"
57,72,11,2,0.173901293386409,0.113271684582628,0.217130006211372,0.139279044702952,"larvalTreat=C, adultTreat=DR, sex=F","C","DR","F"
59,59,6,0,0.156216416092876,0.121446475922998,0.198199291529647,0.123126417196361,"larvalTreat=C, adultTreat=DR, sex=F","C","DR","F"
61,53,9,0,0.129689100152576,0.136413323077646,0.169441078872867,0.0992631940865089,"larvalTreat=C, adultTreat=DR, sex=F","C","DR","F"
64,44,12,0,0.0943193455655098,0.164715882615531,0.130258835773388,0.0682958579745232,"larvalTreat=C, adultTreat=DR, sex=F","C","DR","F"
66,32,3,3,0.0854769069187433,0.174252921371503,0.120274387494689,0.0607469451192849,"larvalTreat=C, adultTreat=DR, sex=F","C","DR","F"
68,26,11,0,0.0493136001454288,0.242010761768214,0.0792440463457441,0.0306878721045249,"larvalTreat=C, adultTreat=DR, sex=F","C","DR","F"
71,15,9,2,0.0197254400581715,0.398207494670343,0.0430508305804285,0.00903799021395431,"larvalTreat=C, adultTreat=DR, sex=F","C","DR","F"
75,4,2,0,0.00986272002908576,0.639194187091553,0.0345207150961521,0.00281782246112776,"larvalTreat=C, adultTreat=DR, sex=F","C","DR","F"
82,2,2,0,0,Inf,NA,NA,"larvalTreat=C, adultTreat=DR, sex=F","C","DR","F"
3,328,9,1,0.972560975609756,0.00927446766340991,0.99040147970681,0.955041839758771,"larvalTreat=C, adultTreat=DR, sex=M","C","DR","M"
5,318,6,1,0.95421076852278,0.0121032998606796,0.977117206181783,0.931841323645099,"larvalTreat=C, adultTreat=DR, sex=M","C","DR","M"
8,311,15,0,0.908187741102067,0.0175907408114218,0.940045557023927,0.8774095754458,"larvalTreat=C, adultTreat=DR, sex=M","C","DR","M"
10,296,6,0,0.889778530133781,0.0194764382263597,0.924400765666035,0.856453025670749,"larvalTreat=C, adultTreat=DR, sex=M","C","DR","M"
12,290,2,1,0.883642126477686,0.0200817829422206,0.919115429352466,0.849537917382273,"larvalTreat=C, adultTreat=DR, sex=M","C","DR","M"
15,287,4,0,0.87132655677068,0.0212726668107413,0.908423326944352,0.835744686442158,"larvalTreat=C, adultTreat=DR, sex=M","C","DR","M"
17,283,1,0,0.868247664343929,0.0215651742266858,0.905732461749234,0.832314219126888,"larvalTreat=C, adultTreat=DR, sex=M","C","DR","M"
19,282,15,1,0.822064277942656,0.0257735484694502,0.864657794847512,0.781568941026618,"larvalTreat=C, adultTreat=DR, sex=M","C","DR","M"
22,266,25,0,0.744802597684888,0.0324692916126529,0.793741511425609,0.698881060815158,"larvalTreat=C, adultTreat=DR, sex=M","C","DR","M"
24,241,3,0,0.735531196053955,0.0332649662067378,0.785084291410944,0.68910580212511,"larvalTreat=C, adultTreat=DR, sex=M","C","DR","M"
26,238,1,1,0.732440728843645,0.0335303830453355,0.782192414416207,0.685853520670365,"larvalTreat=C, adultTreat=DR, sex=M","C","DR","M"
29,236,10,0,0.7014051047401,0.036218465078405,0.753005478048762,0.653340693125227,"larvalTreat=C, adultTreat=DR, sex=M","C","DR","M"
31,226,6,0,0.682783730277974,0.0378477607927899,0.735358702472166,0.633967641594547,"larvalTreat=C, adultTreat=DR, sex=M","C","DR","M"
33,220,15,0,0.636230294122657,0.0420124651985753,0.690836729357675,0.585940164958756,"larvalTreat=C, adultTreat=DR, sex=M","C","DR","M"
36,205,38,1,0.518294922529189,0.0536192353887064,0.575728502065467,0.466590807569558,"larvalTreat=C, adultTreat=DR, sex=M","C","DR","M"
38,166,11,0,0.483950078265207,0.0574677206904289,0.541648041262832,0.432398274176075,"larvalTreat=C, adultTreat=DR, sex=M","C","DR","M"
40,155,17,0,0.430871682584507,0.0640101775479614,0.48846507189154,0.380068949729176,"larvalTreat=C, adultTreat=DR, sex=M","C","DR","M"
43,138,7,1,0.409015872598336,0.0669665125595389,0.466382408353097,0.358705605188094,"larvalTreat=C, adultTreat=DR, sex=M","C","DR","M"
45,130,8,1,0.383845665053823,0.0706323397853603,0.440837973099973,0.334221422770217,"larvalTreat=C, adultTreat=DR, sex=M","C","DR","M"
47,121,7,5,0.361639717488726,0.074137672193013,0.418198260741393,0.312730342382269,"larvalTreat=C, adultTreat=DR, sex=M","C","DR","M"
50,109,13,1,0.318508375035942,0.0820898847499484,0.374107050416251,0.271172609164036,"larvalTreat=C, adultTreat=DR, sex=M","C","DR","M"
52,95,5,0,0.30174477634984,0.0855777102982852,0.356848306140371,0.25515018142919,"larvalTreat=C, adultTreat=DR, sex=M","C","DR","M"
54,90,3,3,0.291686617138179,0.0877877341224236,0.34645079200562,0.245579125753981,"larvalTreat=C, adultTreat=DR, sex=M","C","DR","M"
57,84,6,1,0.270851858771166,0.092857079310628,0.324916607134441,0.225783255730727,"larvalTreat=C, adultTreat=DR, sex=M","C","DR","M"
59,77,4,0,0.256781632341495,0.0966129097381585,0.310313745409674,0.212484324923839,"larvalTreat=C, adultTreat=DR, sex=M","C","DR","M"
61,73,3,0,0.246228962519242,0.0996049119110175,0.299311215034692,0.202560742591202,"larvalTreat=C, adultTreat=DR, sex=M","C","DR","M"
64,70,7,1,0.221606066267317,0.107277397731783,0.273461587817147,0.179583717766285,"larvalTreat=C, adultTreat=DR, sex=M","C","DR","M"
66,62,1,0,0.218031774875909,0.108502766918588,0.26969786768387,0.176263369316888,"larvalTreat=C, adultTreat=DR, sex=M","C","DR","M"
68,61,5,1,0.200160317918867,0.11505020931394,0.250789239143063,0.159752280465779,"larvalTreat=C, adultTreat=DR, sex=M","C","DR","M"
71,55,4,2,0.185603203888404,0.121089122627172,0.235318849712865,0.146390947158184,"larvalTreat=C, adultTreat=DR, sex=M","C","DR","M"
73,49,4,0,0.17045192193833,0.128361343774262,0.219211471019351,0.13253803533806,"larvalTreat=C, adultTreat=DR, sex=M","C","DR","M"
78,45,8,0,0.140149358038183,0.145881593699613,0.186537327540086,0.105297115690123,"larvalTreat=C, adultTreat=DR, sex=M","C","DR","M"
80,37,1,0,0.136361537550664,0.148432442987003,0.182405451585169,0.101940313524561,"larvalTreat=C, adultTreat=DR, sex=M","C","DR","M"
85,36,7,0,0.109846794138035,0.169520414623141,0.153138160191594,0.0787936734208347,"larvalTreat=C, adultTreat=DR, sex=M","C","DR","M"
87,29,4,0,0.0946955121879614,0.185079475775441,0.136103512300503,0.0658854417271874,"larvalTreat=C, adultTreat=DR, sex=M","C","DR","M"
89,25,2,0,0.0871198712129245,0.1942489979971,0.127485934448078,0.0595349753132785,"larvalTreat=C, adultTreat=DR, sex=M","C","DR","M"
92,23,9,0,0.0530294868252584,0.256286916915171,0.0876333156167076,0.0320896961750253,"larvalTreat=C, adultTreat=DR, sex=M","C","DR","M"
94,14,1,0,0.0492416663377399,0.266791096696252,0.0830664660242925,0.0291903799423488,"larvalTreat=C, adultTreat=DR, sex=M","C","DR","M"
96,13,1,0,0.0454538458502215,0.278545769464635,0.0784637794798457,0.0263312845273581,"larvalTreat=C, adultTreat=DR, sex=M","C","DR","M"
99,12,8,0,0.0151512819500738,0.4942210156937,0.0399145347377783,0.00575132207449628,"larvalTreat=C, adultTreat=DR, sex=M","C","DR","M"
106,4,1,0,0.0113634614625554,0.572352815740995,0.0348897810029299,0.00370103373248853,"larvalTreat=C, adultTreat=DR, sex=M","C","DR","M"
110,3,1,0,0.00757564097503691,0.703032298229116,0.0300497983200556,0.00190984097701432,"larvalTreat=C, adultTreat=DR, sex=M","C","DR","M"
113,2,2,0,0,Inf,NA,NA,"larvalTreat=C, adultTreat=DR, sex=M","C","DR","M"
3,625,6,0,0.9904,0.00393813220941973,0.998074077218936,0.982784927881494,"larvalTreat=DR, adultTreat=C , sex=F","DR","C","F"
5,619,10,1,0.9744,0.00648352718778486,0.986861175681987,0.962096172588675,"larvalTreat=DR, adultTreat=C , sex=F","DR","C","F"
8,608,16,1,0.948757894736842,0.00929991784257643,0.966209953634774,0.931621061694979,"larvalTreat=DR, adultTreat=C , sex=F","DR","C","F"
10,591,16,2,0.923072401816724,0.0115573149708189,0.944220381960376,0.902398079171577,"larvalTreat=DR, adultTreat=C , sex=F","DR","C","F"
12,573,16,1,0.897297256216257,0.0135537067881697,0.921453185790847,0.873774575234879,"larvalTreat=DR, adultTreat=C , sex=F","DR","C","F"
15,556,21,1,0.863406532510248,0.0159468083052758,0.890818603381906,0.836837979753972,"larvalTreat=DR, adultTreat=C , sex=F","DR","C","F"
17,534,17,2,0.835919807692506,0.0177729428031607,0.865551618096753,0.807302430361314,"larvalTreat=DR, adultTreat=C , sex=F","DR","C","F"
19,515,28,0,0.790471740478156,0.0206765087337771,0.823163726502867,0.759078118212475,"larvalTreat=DR, adultTreat=C , sex=F","DR","C","F"
22,487,48,0,0.712560768110699,0.025534961348847,0.749130201113804,0.677776503330929,"larvalTreat=DR, adultTreat=C , sex=F","DR","C","F"
24,439,33,0,0.658996974608072,0.0289341339988085,0.697448589501004,0.622665267490612,"larvalTreat=DR, adultTreat=C , sex=F","DR","C","F"
26,406,20,0,0.626534069454965,0.0310612861645879,0.665861809433854,0.589529140470692,"larvalTreat=DR, adultTreat=C , sex=F","DR","C","F"
29,386,57,0,0.53401478976861,0.0375984521075062,0.574853454616282,0.4960773800724,"larvalTreat=DR, adultTreat=C , sex=F","DR","C","F"
31,329,28,0,0.488566722554261,0.0411872438903298,0.529642136006424,0.450676836603719,"larvalTreat=DR, adultTreat=C , sex=F","DR","C","F"
33,301,31,0,0.438249219566945,0.0455832603789219,0.479205388559984,0.400793444807007,"larvalTreat=DR, adultTreat=C , sex=F","DR","C","F"
36,270,17,0,0.410655750186804,0.0482358693611856,0.45137380830296,0.37361083443348,"larvalTreat=DR, adultTreat=C , sex=F","DR","C","F"
38,253,31,0,0.360338247199488,0.0536529069815736,0.40029466212744,0.324370181967256,"larvalTreat=DR, adultTreat=C , sex=F","DR","C","F"
40,222,15,0,0.335991068334658,0.0566131415615228,0.37541958574171,0.300703538888707,"larvalTreat=DR, adultTreat=C , sex=F","DR","C","F"
43,207,27,0,0.292166146377963,0.0626872034678884,0.330361429485177,0.258386874104441,"larvalTreat=DR, adultTreat=C , sex=F","DR","C","F"
45,180,15,1,0.267818967513133,0.0665938134039112,0.305158933330522,0.235048007859275,"larvalTreat=DR, adultTreat=C , sex=F","DR","C","F"
47,164,35,1,0.210662480543867,0.078032768710083,0.245475869394357,0.180786326649487,"larvalTreat=DR, adultTreat=C , sex=F","DR","C","F"
50,128,23,3,0.172809066071141,0.0883200006588023,0.205468213078541,0.145341086433475,"larvalTreat=DR, adultTreat=C , sex=F","DR","C","F"
52,102,10,3,0.155867000770049,0.0941597905962768,0.187457636798553,0.129600065081146,"larvalTreat=DR, adultTreat=C , sex=F","DR","C","F"
54,89,10,3,0.13835385461611,0.101431449546263,0.168783453858683,0.113410341176942,"larvalTreat=DR, adultTreat=C , sex=F","DR","C","F"
57,76,8,3,0.123790290972309,0.108794883028363,0.153212061482419,0.100018471070357,"larvalTreat=DR, adultTreat=C , sex=F","DR","C","F"
59,65,5,8,0.114267960897516,0.114535487318152,0.143026746966615,0.0912917839816642,"larvalTreat=DR, adultTreat=C , sex=F","DR","C","F"
61,52,6,2,0.101083196178572,0.125006956043334,0.129147225168027,0.0791175539109089,"larvalTreat=DR, adultTreat=C , sex=F","DR","C","F"
64,44,6,3,0.0872991239724032,0.138619103321409,0.114552001125167,0.0665299337549038,"larvalTreat=DR, adultTreat=C , sex=F","DR","C","F"
66,35,6,0,0.0723335598628484,0.158513677185574,0.098688585858296,0.0530167074229329,"larvalTreat=DR, adultTreat=C , sex=F","DR","C","F"
68,29,3,0,0.064850777808071,0.170602947500157,0.0906009353913602,0.0464192048806688,"larvalTreat=DR, adultTreat=C , sex=F","DR","C","F"
71,26,8,5,0.0448966923286645,0.214940416836291,0.0684182498930596,0.0294616273465837,"larvalTreat=DR, adultTreat=C , sex=F","DR","C","F"
73,13,4,0,0.0310823254583062,0.283526748258066,0.0541816104149288,0.0178309752792042,"larvalTreat=DR, adultTreat=C , sex=F","DR","C","F"
75,9,4,0,0.0172679585879479,0.411432018523937,0.0386769810394846,0.00770955710040229,"larvalTreat=DR, adultTreat=C , sex=F","DR","C","F"
82,5,4,0,0.00345359171758958,0.984518311595412,0.0237845259702206,0.000501472922636208,"larvalTreat=DR, adultTreat=C , sex=F","DR","C","F"
89,1,1,0,0,Inf,NA,NA,"larvalTreat=DR, adultTreat=C , sex=F","DR","C","F"
3,312,3,1,0.990384615384615,0.00557832856367851,1,0.979615399348446,"larvalTreat=DR, adultTreat=C , sex=M","DR","C","M"
5,308,9,0,0.961444805194805,0.0113510399595048,0.983074384308848,0.940291119563614,"larvalTreat=DR, adultTreat=C , sex=M","DR","C","M"
8,299,11,1,0.926073926073926,0.0160183246637508,0.955609545741281,0.897451182207176,"larvalTreat=DR, adultTreat=C , sex=M","DR","C","M"
10,287,9,1,0.897033280308542,0.0192194815148669,0.93146857609141,0.8638710168384,"larvalTreat=DR, adultTreat=C , sex=M","DR","C","M"
12,277,8,0,0.871126181960281,0.0218346578954267,0.909215354417116,0.834632654640099,"larvalTreat=DR, adultTreat=C , sex=M","DR","C","M"
15,269,3,3,0.861411020079683,0.0227745178366484,0.900733111865998,0.823805559870559,"larvalTreat=DR, adultTreat=C , sex=M","DR","C","M"
17,263,5,0,0.845034384716951,0.0243385760906135,0.88632176542904,0.805670287255431,"larvalTreat=DR, adultTreat=C , sex=M","DR","C","M"
19,258,7,0,0.822107095209127,0.0264662244925574,0.865877565748637,0.780549240132859,"larvalTreat=DR, adultTreat=C , sex=M","DR","C","M"
22,251,7,0,0.799179805701302,0.0285439652047193,0.84516434760337,0.755697236462823,"larvalTreat=DR, adultTreat=C , sex=M","DR","C","M"
26,244,4,0,0.786078497411117,0.0297163921184452,0.833221668346122,0.741602658172152,"larvalTreat=DR, adultTreat=C , sex=M","DR","C","M"
29,240,9,0,0.7566005537582,0.0323326711373318,0.806098799529181,0.710141732355343,"larvalTreat=DR, adultTreat=C , sex=M","DR","C","M"
31,231,6,0,0.736948591322922,0.0340711276349194,0.787841020494445,0.689343677372876,"larvalTreat=DR, adultTreat=C , sex=M","DR","C","M"
33,225,32,0,0.63213812500144,0.0435631087518968,0.688482600809232,0.580404804145601,"larvalTreat=DR, adultTreat=C , sex=M","DR","C","M"
36,193,23,1,0.556805602332875,0.0509779387092789,0.615313008047421,0.503861408314939,"larvalTreat=DR, adultTreat=C , sex=M","DR","C","M"
38,169,25,0,0.474437909680083,0.0602165667916881,0.5338703704196,0.421621694353807,"larvalTreat=DR, adultTreat=C , sex=M","DR","C","M"
40,144,25,0,0.39207021702729,0.0713088480924436,0.450881124563309,0.340930339962019,"larvalTreat=DR, adultTreat=C , sex=M","DR","C","M"
43,119,8,0,0.365712555378397,0.0754360622033149,0.423985654983665,0.315448580840666,"larvalTreat=DR, adultTreat=C , sex=M","DR","C","M"
45,111,8,1,0.339354893729504,0.0799395292443673,0.396916147176279,0.290141241966195,"larvalTreat=DR, adultTreat=C , sex=M","DR","C","M"
47,102,8,1,0.312738823633072,0.0849982625676786,0.369430247170561,0.264747059983538,"larvalTreat=DR, adultTreat=C , sex=M","DR","C","M"
50,93,10,2,0.279110993134892,0.0923049794895452,0.334462231526746,0.23292001052895,"larvalTreat=DR, adultTreat=C , sex=M","DR","C","M"
52,81,8,6,0.251544475294409,0.099363777923376,0.305628172376688,0.207031382477245,"larvalTreat=DR, adultTreat=C , sex=M","DR","C","M"
54,67,2,4,0.244035684987113,0.101648426517546,0.297835618818333,0.199953973884683,"larvalTreat=DR, adultTreat=C , sex=M","DR","C","M"
57,61,3,2,0.232033929987747,0.10573712357014,0.285466465954819,0.188602694489797,"larvalTreat=DR, adultTreat=C , sex=M","DR","C","M"
59,56,3,8,0.21960354088126,0.11041340938512,0.272661238365669,0.176870447213738,"larvalTreat=DR, adultTreat=C , sex=M","DR","C","M"
61,45,2,1,0.20984338350876,0.114998750877182,0.262895041203507,0.167497437003072,"larvalTreat=DR, adultTreat=C , sex=M","DR","C","M"
64,42,6,2,0.179865757293223,0.131121953431018,0.232573216734694,0.139103251444337,"larvalTreat=DR, adultTreat=C , sex=M","DR","C","M"
66,34,3,0,0.163995249296762,0.141560116140857,0.216434982158834,0.124261066873978,"larvalTreat=DR, adultTreat=C , sex=M","DR","C","M"
68,31,3,1,0.148124741300301,0.153282378895845,0.200033070922805,0.109686557747986,"larvalTreat=DR, adultTreat=C , sex=M","DR","C","M"
71,27,2,6,0.13715253824102,0.162660538062963,0.188651711847085,0.0997118900315192,"larvalTreat=DR, adultTreat=C , sex=M","DR","C","M"
73,19,4,0,0.108278319663963,0.201230063266478,0.160630809453714,0.0729884543888181,"larvalTreat=DR, adultTreat=C , sex=M","DR","C","M"
78,15,11,0,0.0288742185770568,0.473103447139803,0.0729821451003198,0.0114236228229471,"larvalTreat=DR, adultTreat=C , sex=M","DR","C","M"
80,4,1,0,0.0216556639327926,0.554220357826106,0.0641689195681022,0.00730833218833207,"larvalTreat=DR, adultTreat=C , sex=M","DR","C","M"
82,3,1,0,0.0144371092885284,0.688350834746036,0.0556423593765594,0.00374588940771477,"larvalTreat=DR, adultTreat=C , sex=M","DR","C","M"
87,2,1,0,0.00721855464426419,0.986826667503247,0.049938860758136,0.00104342650915878,"larvalTreat=DR, adultTreat=C , sex=M","DR","C","M"
99,1,1,0,0,Inf,NA,NA,"larvalTreat=DR, adultTreat=C , sex=M","DR","C","M"
3,510,2,2,0.996078431372549,0.00277842100524449,1,0.990668923971137,"larvalTreat=DR, adultTreat=DR, sex=F","DR","DR","F"
5,506,7,0,0.982298690227079,0.00595340695183949,0.993827738685743,0.970903386232559,"larvalTreat=DR, adultTreat=DR, sex=F","DR","DR","F"
8,499,13,0,0.956707742385492,0.00943653575346517,0.974566957002005,0.939175802918651,"larvalTreat=DR, adultTreat=DR, sex=F","DR","DR","F"
10,486,13,1,0.931116794543905,0.0120664801481097,0.953400041746004,0.909354360310263,"larvalTreat=DR, adultTreat=DR, sex=F","DR","DR","F"
12,472,16,0,0.899553513372925,0.0148303179840645,0.926084453622522,0.87378264504525,"larvalTreat=DR, adultTreat=DR, sex=F","DR","DR","F"
15,456,15,2,0.869962937275131,0.0171618638706068,0.899723276060919,0.841186987565641,"larvalTreat=DR, adultTreat=DR, sex=F","DR","DR","F"
17,439,10,0,0.850146013874786,0.018644773382837,0.88178759066343,0.819639845876505,"larvalTreat=DR, adultTreat=DR, sex=F","DR","DR","F"
19,429,12,0,0.826365705794373,0.0203643506713865,0.860015844156898,0.794032208072262,"larvalTreat=DR, adultTreat=DR, sex=F","DR","DR","F"
22,417,45,0,0.737189550492822,0.026548018504321,0.776563340637363,0.699812114372762,"larvalTreat=DR, adultTreat=DR, sex=F","DR","DR","F"
24,372,26,0,0.685665549651926,0.0301130977134476,0.727352012327392,0.646368248126687,"larvalTreat=DR, adultTreat=DR, sex=F","DR","DR","F"
26,346,18,0,0.649995087531305,0.0326405534772298,0.692937019749598,0.609714305590864,"larvalTreat=DR, adultTreat=DR, sex=F","DR","DR","F"
29,328,21,2,0.608379548390581,0.0356924954818661,0.652463337633137,0.567274287383853,"larvalTreat=DR, adultTreat=DR, sex=F","DR","DR","F"
31,305,13,0,0.582448616819835,0.0376818688944622,0.627093765675724,0.540981922966153,"larvalTreat=DR, adultTreat=DR, sex=F","DR","DR","F"
33,292,24,0,0.53457612776615,0.0415524847959175,0.579934706377169,0.492765191037895,"larvalTreat=DR, adultTreat=DR, sex=F","DR","DR","F"
36,268,28,2,0.478724890536851,0.0464965845605839,0.524401557684233,0.437026773588492,"larvalTreat=DR, adultTreat=DR, sex=F","DR","DR","F"
38,238,14,0,0.450564602858213,0.0492395919745111,0.496214997853773,0.409113916803866,"larvalTreat=DR, adultTreat=DR, sex=F","DR","DR","F"
40,224,19,0,0.412347069580061,0.0532757025671031,0.457731997664246,0.371462136487961,"larvalTreat=DR, adultTreat=DR, sex=F","DR","DR","F"
43,205,36,0,0.339934901263562,0.0622688643452266,0.384060028228064,0.300879364171811,"larvalTreat=DR, adultTreat=DR, sex=F","DR","DR","F"
45,169,18,0,0.303728817105313,0.0676961465655322,0.346823936459945,0.265988545317278,"larvalTreat=DR, adultTreat=DR, sex=F","DR","DR","F"
47,151,22,1,0.259476936467453,0.075579029419719,0.300906624042768,0.223751407177282,"larvalTreat=DR, adultTreat=DR, sex=F","DR","DR","F"
50,128,28,2,0.202716356615197,0.0888801985147803,0.241292461739262,0.170307522013454,"larvalTreat=DR, adultTreat=DR, sex=F","DR","DR","F"
52,98,14,5,0.173756877098741,0.0979814776380495,0.210544541941129,0.143396984128654,"larvalTreat=DR, adultTreat=DR, sex=F","DR","DR","F"
54,79,6,1,0.160560152255798,0.10315411891447,0.196536273197164,0.131169488832951,"larvalTreat=DR, adultTreat=DR, sex=F","DR","DR","F"
57,72,9,4,0.140490133223824,0.112360576863719,0.175100473608686,0.112720868918704,"larvalTreat=DR, adultTreat=DR, sex=F","DR","DR","F"
59,59,8,0,0.121440623634153,0.123626816783535,0.154737410952093,0.09530872319699,"larvalTreat=DR, adultTreat=DR, sex=F","DR","DR","F"
61,51,8,0,0.102391114044482,0.137592007922928,0.134085185682683,0.0781886543385982,"larvalTreat=DR, adultTreat=DR, sex=F","DR","DR","F"
64,43,12,4,0.0738168496599751,0.167134111440196,0.102428383798947,0.0531974350431895,"larvalTreat=DR, adultTreat=DR, sex=F","DR","DR","F"
66,27,4,0,0.0628810200807195,0.185405056671688,0.0904350220359153,0.0437222504885502,"larvalTreat=DR, adultTreat=DR, sex=F","DR","DR","F"
68,23,6,1,0.0464772757118362,0.222980500451567,0.0719518574549995,0.0300219790565524,"larvalTreat=DR, adultTreat=DR, sex=F","DR","DR","F"
71,16,5,2,0.0319531270518874,0.279516358180916,0.0552634662901048,0.0184751771275859,"larvalTreat=DR, adultTreat=DR, sex=F","DR","DR","F"
73,9,3,0,0.0213020847012582,0.365629525676302,0.0436160692500724,0.0104039364486938,"larvalTreat=DR, adultTreat=DR, sex=F","DR","DR","F"
75,6,3,0,0.0106510423506291,0.548043444183894,0.0311808203440805,0.00363828475014551,"larvalTreat=DR, adultTreat=DR, sex=F","DR","DR","F"
78,3,1,0,0.00710069490041941,0.683387359686738,0.0271019929299538,0.00186037492516342,"larvalTreat=DR, adultTreat=DR, sex=F","DR","DR","F"
82,2,2,0,0,Inf,NA,NA,"larvalTreat=DR, adultTreat=DR, sex=F","DR","DR","F"
3,290,2,1,0.993103448275862,0.0048935018292892,1,0.983624037954952,"larvalTreat=DR, adultTreat=DR, sex=M","DR","DR","M"
5,287,11,1,0.955040249909888,0.012759867101936,0.979225904397452,0.931451950823529,"larvalTreat=DR, adultTreat=DR, sex=M","DR","DR","M"
8,275,6,0,0.934203008093672,0.0156180245567274,0.963241860730767,0.906039589754916,"larvalTreat=DR, adultTreat=DR, sex=M","DR","DR","M"
10,269,7,1,0.909892892641421,0.0185268579425979,0.943540101201594,0.877445563813386,"larvalTreat=DR, adultTreat=DR, sex=M","DR","DR","M"
12,261,7,2,0.885489634984371,0.0211857195941011,0.923032088443814,0.849474144486889,"larvalTreat=DR, adultTreat=DR, sex=M","DR","DR","M"
15,252,2,0,0.878461939468622,0.0219221519579149,0.917029104465488,0.841516779933363,"larvalTreat=DR, adultTreat=DR, sex=M","DR","DR","M"
17,250,4,0,0.864406548437124,0.0233585401271658,0.904900594818104,0.825724599209903,"larvalTreat=DR, adultTreat=DR, sex=M","DR","DR","M"
19,246,8,0,0.836295766374128,0.0261201343552214,0.880224387402066,0.794559454231328,"larvalTreat=DR, adultTreat=DR, sex=M","DR","DR","M"
22,238,8,0,0.808184984311132,0.0287820574911251,0.855086616266712,0.763855914056612,"larvalTreat=DR, adultTreat=DR, sex=M","DR","DR","M"
24,230,3,0,0.797643441037509,0.0297635194504656,0.845558290519568,0.752443759541654,"larvalTreat=DR, adultTreat=DR, sex=M","DR","DR","M"
26,227,5,0,0.780074202248136,0.0313860677844552,0.829567606249778,0.733533658292156,"larvalTreat=DR, adultTreat=DR, sex=M","DR","DR","M"
29,222,8,0,0.751963420185141,0.0339628906709602,0.803722227999712,0.703537821398585,"larvalTreat=DR, adultTreat=DR, sex=M","DR","DR","M"
31,214,4,2,0.737908029153643,0.035248907903234,0.790689844313892,0.688649618311338,"larvalTreat=DR, adultTreat=DR, sex=M","DR","DR","M"
33,208,11,0,0.698884046842633,0.0388707516348483,0.75420945211615,0.647617063881499,"larvalTreat=DR, adultTreat=DR, sex=M","DR","DR","M"
36,197,24,0,0.61374081270952,0.0470652740509137,0.673049549635583,0.559658327368751,"larvalTreat=DR, adultTreat=DR, sex=M","DR","DR","M"
38,173,15,0,0.560526291376324,0.0525728744195046,0.621364016938697,0.505645185043107,"larvalTreat=DR, adultTreat=DR, sex=M","DR","DR","M"
40,158,17,1,0.500216500532036,0.0593884818987541,0.561965405183729,0.44525258155831,"larvalTreat=DR, adultTreat=DR, sex=M","DR","DR","M"
43,140,11,0,0.460913775490233,0.0643123053845656,0.522832314266592,0.406328190970112,"larvalTreat=DR, adultTreat=DR, sex=M","DR","DR","M"
45,129,6,1,0.439475925467432,0.0671879151350488,0.501332138432237,0.385251760777674,"larvalTreat=DR, adultTreat=DR, sex=M","DR","DR","M"
47,122,7,1,0.414260093678317,0.0708035790241718,0.475927954662711,0.360582780509266,"larvalTreat=DR, adultTreat=DR, sex=M","DR","DR","M"
50,114,11,3,0.37428762849883,0.0771359503872767,0.435375225516806,0.321771246126798,"larvalTreat=DR, adultTreat=DR, sex=M","DR","DR","M"
52,100,5,3,0.355573247073889,0.0804752796305928,0.41632238219263,0.303688534276712,"larvalTreat=DR, adultTreat=DR, sex=M","DR","DR","M"
54,92,6,3,0.332383687482113,0.0850565246819724,0.392681052782777,0.281345165297094,"larvalTreat=DR, adultTreat=DR, sex=M","DR","DR","M"
57,83,4,5,0.31636519651912,0.0885700144969612,0.376339352654991,0.265948636151096,"larvalTreat=DR, adultTreat=DR, sex=M","DR","DR","M"
59,74,6,0,0.290713964368921,0.0950632226858503,0.350254606153097,0.241294782693458,"larvalTreat=DR, adultTreat=DR, sex=M","DR","DR","M"
61,68,6,0,0.265062732218722,0.102274953984555,0.323895764542153,0.21691624189828,"larvalTreat=DR, adultTreat=DR, sex=M","DR","DR","M"
64,62,8,2,0.23086108935179,0.113356307601284,0.288296788505415,0.18486797183207,"larvalTreat=DR, adultTreat=DR, sex=M","DR","DR","M"
66,52,6,1,0.204223271349661,0.123927453282194,0.260370914305525,0.160183577616573,"larvalTreat=DR, adultTreat=DR, sex=M","DR","DR","M"
68,45,4,0,0.186070091674135,0.132385933381259,0.241192435198932,0.143545459819522,"larvalTreat=DR, adultTreat=DR, sex=M","DR","DR","M"
71,41,4,2,0.16791691199861,0.141995839663756,0.221799987225394,0.127123944811124,"larvalTreat=DR, adultTreat=DR, sex=M","DR","DR","M"
73,35,3,0,0.1535240338273,0.15113368224981,0.206453189401398,0.114164518508749,"larvalTreat=DR, adultTreat=DR, sex=M","DR","DR","M"
75,32,2,0,0.143928781713094,0.157875657540103,0.196124411147211,0.105624251893185,"larvalTreat=DR, adultTreat=DR, sex=M","DR","DR","M"
78,30,2,0,0.134333529598888,0.165244290747584,0.185712279719862,0.097169111281796,"larvalTreat=DR, adultTreat=DR, sex=M","DR","DR","M"
80,28,2,0,0.124738277484682,0.173357804473652,0.175211324744338,0.0888049781744959,"larvalTreat=DR, adultTreat=DR, sex=M","DR","DR","M"
82,26,2,0,0.115143025370475,0.182367915426626,0.164615030709417,0.0805389169769627,"larvalTreat=DR, adultTreat=DR, sex=M","DR","DR","M"
85,24,2,0,0.105547773256269,0.192473206875482,0.153915573946582,0.0723795010063318,"larvalTreat=DR, adultTreat=DR, sex=M","DR","DR","M"
87,22,4,0,0.0863572690278565,0.217133473849478,0.132167065573842,0.0564253876831594,"larvalTreat=DR, adultTreat=DR, sex=M","DR","DR","M"
89,18,3,0,0.0719643908565471,0.24136705777105,0.115496723953899,0.0448400038898164,"larvalTreat=DR, adultTreat=DR, sex=M","DR","DR","M"
92,15,5,0,0.0479762605710314,0.302640694405737,0.0868229665642133,0.0265105152411162,"larvalTreat=DR, adultTreat=DR, sex=M","DR","DR","M"
96,10,1,0,0.0431786345139282,0.320472309289738,0.0809199169294439,0.0230399949633291,"larvalTreat=DR, adultTreat=DR, sex=M","DR","DR","M"
99,9,4,0,0.0239881302855157,0.437711537328395,0.0565688219983906,0.0101722180923486,"larvalTreat=DR, adultTreat=DR, sex=M","DR","DR","M"
101,5,4,0,0.00479762605710314,0.995786819510274,0.033778602052963,0.000681414101972168,"larvalTreat=DR, adultTreat=DR, sex=M","DR","DR","M"
103,1,1,0,0,Inf,NA,NA,"larvalTreat=DR, adultTreat=DR, sex=M","DR","DR","M"
